project_id,project_name,department_id,start_date,end_date,budget,status
1,Whiteboard Virtual Synergies Project,3,2021-11-09,2024-12-18,721155,Planned
2,Embrace Revolutionary E-Business Project,3,2024-03-09,2024-10-18,309178,Planned
3,Iterate Strategic Deliverables Project,1,2026-06-14,2026-12-22,1153462,Active
4,Deploy Cross-Media Partnerships Project,3,2023-11-23,2026-09-22,1620006,Completed
5,Repurpose Real-Time Initiatives Project,3,2025-06-14,2025-08-23,1997735,Planned
6,Aggregate Proactive Metrics Project,3,2026-06-30,2027-06-30,379365,Planned
7,Harness Dynamic Channels Project,2,2024-05-14,2025-05-29,1420455,Active
8,Revolutionize Scalable Content Project,2,2024-05-19,2025-07-30,1297617,Planned
9,Innovate Real-Time Communities Project,1,2022-07-25,2027-02-20,234779,Active
10,Matrix Visionary Systems Project,2,2026-03-27,2027-06-10,1039436,Planned
11,Transform Robust Partnerships Project,1,2026-03-25,2027-03-03,1598762,Completed
12,Drive Proactive Convergence Project,3,2022-07-19,2025-11-19,1483257,Completed
13,Transition Vertical Niches Project,2,2026-03-21,2026-09-07,1228557,Completed
14,Revolutionize Distributed Schemas Project,2,2022-01-01,2027-05-23,641723,Completed
15,Brand Virtual Infrastructures Project,1,2024-09-22,2025-09-07,323538,Planned
16,Redefine Real-Time E-Markets Project,3,2025-03-24,2027-03-16,615894,Planned
17,Revolutionize 24/7 Vortals Project,1,2026-01-31,2027-02-28,523254,Active
18,Evolve Seamless Communities Project,1,2025-07-24,2025-09-12,1338507,Active
19,Revolutionize Virtual Action-Items Project,2,2024-10-14,2025-02-25,748361,Planned
20,Deploy Holistic Applications Project,2,2023-10-12,2025-01-19,118148,Active
21,Grow Cutting-Edge Applications Project,3,2024-11-19,2026-01-19,728843,Completed
22,Monetize Seamless Architectures Project,1,2025-02-02,2027-03-02,853591,Completed
23,Empower Value-Added Systems Project,3,2025-01-10,2025-04-28,654365,Planned
24,Deliver Turn-Key Action-Items Project,2,2023-06-08,2023-10-05,1823415,Active
25,Envisioneer End-To-End Web-Readiness Project,2,2026-09-06,2026-10-31,258261,Active
26,Seize Sticky Initiatives Project,2,2026-04-01,2027-05-04,1413715,Active
27,Unleash Ubiquitous Solutions Project,1,2022-01-17,2026-11-25,1537550,Active
28,Syndicate One-To-One Architectures Project,2,2025-10-19,2026-02-27,252283,Active
29,Benchmark Ubiquitous Supply-Chains Project,2,2024-08-12,2025-01-04,1321741,Active
30,Engineer Robust Convergence Project,3,2024-07-31,2026-07-19,1634398,Active
31,Exploit Intuitive Communities Project,3,2024-07-31,2026-12-09,1452107,Planned
32,Syndicate Killer Methodologies Project,2,2022-10-30,2023-09-24,629879,Planned
33,Expedite Dynamic Vortals Project,1,2026-08-16,2026-10-10,1565857,Completed
34,Re-Intermediate One-To-One E-Commerce Project,1,2022-09-02,2022-12-02,1447527,Active
35,Deploy Integrated Functionalities Project,1,2025-07-05,2026-11-06,792139,Planned
36,Scale Bricks-And-Clicks Synergies Project,1,2024-03-18,2025-03-07,1660908,Completed
37,Aggregate Scalable Bandwidth Project,1,2026-09-09,2027-03-30,1475472,Planned
38,Drive Holistic Functionalities Project,3,2022-04-06,2027-04-16,314712,Planned
39,Enhance Synergistic Infrastructures Project,3,2023-08-03,2027-03-02,186330,Completed
40,Cultivate Visionary Eyeballs Project,1,2023-11-14,2026-10-04,1787095,Completed
41,Empower Dot-Com Roi Project,3,2024-01-24,2025-05-02,1227888,Completed
42,Innovate Transparent Deliverables Project,1,2023-02-17,2025-12-18,184633,Completed
43,Seize B2C Paradigms Project,2,2025-10-04,2027-04-15,678776,Completed
44,Optimize 24/365 Roi Project,1,2026-03-22,2026-12-30,1129111,Active
45,Target Revolutionary Eyeballs Project,1,2025-11-17,2027-09-23,401279,Completed
46,Transform Cross-Platform Niches Project,3,2026-05-22,2026-09-02,1700237,Planned
47,Re-Intermediate Back-End Technologies Project,3,2024-11-28,2027-03-14,1555127,Active
48,Integrate Proactive Portals Project,3,2026-05-01,2027-07-17,944498,Planned
49,Disintermediate B2C Info-Mediaries Project,3,2022-08-31,2023-09-02,1998260,Completed
50,Incentivize Robust Experiences Project,2,2024-04-22,2026-11-02,1256914,Planned
51,Re-Intermediate Turn-Key Schemas Project,1,2022-07-14,2025-08-19,1089577,Completed
52,Cultivate Customized Applications Project,3,2023-07-11,2026-06-23,947421,Completed
53,Reinvent Synergistic Interfaces Project,3,2023-10-10,2026-08-30,1217752,Completed
54,Harness World-Class Web-Readiness Project,3,2022-06-29,2024-11-04,268969,Active
55,Integrate One-To-One Initiatives Project,1,2023-06-18,2024-02-25,303618,Completed
56,Mesh Interactive Markets Project,3,2025-01-20,2026-10-25,1220672,Planned
57,Productize End-To-End Channels Project,2,2021-10-07,2025-12-02,785716,Completed
58,Evolve Robust Platforms Project,3,2024-11-16,2025-12-03,1023548,Completed
59,Architect Innovative Initiatives Project,3,2021-11-10,2022-09-27,1873260,Planned
60,Orchestrate Out-Of-The-Box Models Project,3,2024-03-31,2024-04-23,911882,Completed
61,Syndicate Strategic Bandwidth Project,2,2026-08-08,2027-09-23,465515,Active
62,Implement Intuitive E-Markets Project,2,2024-04-27,2026-04-18,114044,Active
63,Monetize B2B Users Project,1,2025-09-02,2026-11-25,159556,Active
64,Aggregate Cutting-Edge Synergies Project,2,2024-09-29,2024-10-26,1251482,Active
65,Strategize Viral Content Project,3,2022-04-14,2025-05-04,458923,Planned
66,Grow Strategic Applications Project,3,2023-06-26,2024-08-26,437261,Planned
67,Synergize User-Centric Vortals Project,1,2023-06-13,2027-02-10,1751240,Completed
68,Drive Dot-Com Systems Project,2,2021-11-26,2023-10-06,187848,Planned
69,Deliver Magnetic Infrastructures Project,1,2023-05-01,2025-12-07,452690,Completed
70,Facilitate Scalable Solutions Project,2,2023-07-06,2024-02-21,71959,Completed
71,Re-Contextualize Global Web-Readiness Project,1,2026-08-29,2027-02-24,1888756,Planned
72,Deliver Strategic Web-Readiness Project,3,2025-04-22,2026-09-21,1636409,Completed
73,Matrix 24/365 Networks Project,3,2022-01-02,2022-08-31,1978565,Planned
74,Integrate Dot-Com Interfaces Project,1,2022-06-29,2027-05-25,1936013,Planned
75,Re-Intermediate Cross-Media Paradigms Project,2,2022-08-28,2027-08-01,243075,Active
76,Incubate Cross-Platform Schemas Project,3,2024-06-03,2026-06-26,815313,Completed
77,Transition Ubiquitous Interfaces Project,1,2025-01-12,2026-11-21,641460,Planned
78,Exploit Viral Supply-Chains Project,1,2024-01-31,2025-04-21,820746,Planned
79,Redefine Revolutionary E-Markets Project,2,2021-11-21,2027-05-10,1070545,Active
80,Seize Sticky Solutions Project,3,2023-05-23,2023-07-28,1450804,Planned
81,Brand Clicks-And-Mortar Experiences Project,1,2023-08-10,2026-06-19,1356002,Active
82,Aggregate Magnetic Web-Readiness Project,2,2025-12-11,2026-12-27,792452,Active
83,Engage Value-Added Supply-Chains Project,2,2021-12-18,2024-08-16,1579247,Completed
84,Extend Turn-Key E-Services Project,3,2024-11-10,2025-06-13,1721370,Completed
85,Mesh Virtual Channels Project,1,2023-01-24,2025-06-08,861774,Active
86,Integrate One-To-One Experiences Project,1,2024-05-20,2027-05-03,156081,Active
87,Visualize Proactive Initiatives Project,2,2023-03-14,2026-08-25,608986,Completed
88,Grow Out-Of-The-Box E-Markets Project,1,2023-04-08,2027-02-01,1454104,Completed
89,Brand Back-End Eyeballs Project,2,2021-10-22,2023-07-17,101663,Planned
90,Synergize Wireless Infrastructures Project,3,2024-12-02,2026-02-09,361955,Completed
91,Scale Out-Of-The-Box Functionalities Project,3,2021-11-01,2022-02-13,960681,Completed
92,Strategize Efficient Content Project,3,2021-12-23,2024-02-25,1860578,Completed
93,Deploy Out-Of-The-Box E-Commerce Project,1,2025-08-05,2026-05-24,134896,Completed
94,Re-Intermediate Frictionless Content Project,2,2024-02-27,2025-03-05,1371831,Planned
95,Architect Interactive Mindshare Project,3,2024-12-26,2026-11-08,1106731,Planned
96,Synthesize Bricks-And-Clicks Web-Readiness Project,1,2023-08-15,2024-09-17,424705,Completed
97,Synthesize Cross-Media Applications Project,3,2025-04-01,2027-05-10,1708845,Active
98,Transition Killer Applications Project,3,2025-04-24,2027-03-28,197718,Active
99,Exploit Back-End Systems Project,1,2025-01-10,2025-02-24,197443,Planned
100,Extend Vertical Action-Items Project,2,2026-09-29,2027-06-20,736976,Active
101,E-Enable Best-Of-Breed Roi Project,1,2024-01-02,2024-03-11,167796,Completed
102,Drive Virtual Infrastructures Project,3,2021-11-15,2024-11-10,748376,Planned
103,Facilitate Ubiquitous Bandwidth Project,3,2024-05-22,2027-01-23,748002,Completed
104,Envisioneer Vertical E-Business Project,2,2023-02-21,2027-09-02,438215,Planned
105,Streamline User-Centric Systems Project,3,2022-07-01,2026-10-25,428480,Active
106,Visualize Collaborative Vortals Project,2,2024-02-01,2024-07-29,1802290,Active
107,Redefine Cross-Media Infrastructures Project,1,2023-07-16,2024-09-08,1835954,Planned
108,Strategize Compelling Platforms Project,1,2024-07-27,2026-12-30,1036001,Active
109,Enhance Robust Web Services Project,2,2024-12-28,2026-03-09,1176081,Active
110,Monetize Vertical Experiences Project,3,2022-07-18,2024-10-17,504351,Planned
111,Monetize User-Centric Supply-Chains Project,1,2024-03-20,2025-04-17,668467,Planned
112,Enable Dynamic E-Services Project,1,2025-07-07,2027-03-21,1086685,Planned
113,Drive Virtual Info-Mediaries Project,3,2022-07-06,2027-04-28,1067026,Planned
114,Utilize Scalable Architectures Project,1,2025-09-12,2027-02-06,306687,Completed
115,Redefine Cutting-Edge E-Tailers Project,3,2026-02-05,2027-01-29,488741,Completed
116,Morph Proactive E-Business Project,2,2025-12-26,2026-04-07,1498685,Active
117,Iterate Clicks-And-Mortar Deliverables Project,2,2021-11-14,2023-12-11,1670197,Planned
118,Embrace Bleeding-Edge Action-Items Project,3,2025-10-30,2026-02-08,1961221,Completed
119,Evolve World-Class Markets Project,3,2024-01-12,2027-05-20,1672241,Planned
120,Embrace Seamless Mindshare Project,2,2021-12-03,2022-05-18,410032,Completed
121,Implement Rich Schemas Project,1,2023-08-13,2026-08-25,1848596,Planned
122,Incubate Next-Generation Paradigms Project,3,2022-01-25,2022-06-27,1024339,Completed
123,Brand Proactive E-Services Project,1,2021-12-31,2026-07-09,680271,Planned
124,Architect Killer Systems Project,2,2022-12-15,2023-02-14,1404204,Active
125,Facilitate Strategic Channels Project,1,2022-02-14,2026-08-04,879957,Completed
126,Enable Mission-Critical Action-Items Project,1,2024-10-03,2025-03-23,1918836,Planned
127,Matrix Transparent Schemas Project,1,2024-05-04,2026-03-23,181373,Planned
128,Optimize Extensible Web Services Project,3,2022-11-22,2023-03-12,1085362,Planned
129,Re-Contextualize Customized Content Project,3,2023-03-02,2026-06-12,191564,Planned
130,Innovate Frictionless Channels Project,3,2021-10-26,2022-05-25,1804272,Completed
131,Leverage Cross-Media E-Business Project,2,2024-01-25,2027-03-31,739944,Active
132,Leverage Granular Technologies Project,3,2022-06-03,2026-08-18,1033609,Completed
133,Integrate Holistic Metrics Project,2,2025-08-02,2026-11-25,86631,Active
134,Monetize Wireless Methodologies Project,3,2026-04-17,2027-08-06,1371813,Completed
135,Streamline Rich Platforms Project,2,2022-11-03,2023-09-18,1155534,Completed
136,Unleash Scalable Architectures Project,2,2021-12-31,2024-09-02,1853649,Active
137,Aggregate Bricks-And-Clicks Web-Readiness Project,1,2023-08-14,2024-11-22,208823,Planned
138,Visualize Front-End Content Project,1,2025-09-22,2026-07-22,1491578,Active
139,Maximize B2B Web-Readiness Project,3,2021-11-28,2027-03-27,629036,Active
140,Empower Scalable E-Tailers Project,3,2024-09-12,2027-07-07,1541481,Completed
141,Seize Enterprise Partnerships Project,2,2024-10-18,2027-05-22,1652456,Planned
142,Aggregate Strategic E-Services Project,2,2022-06-22,2026-12-24,1347286,Planned
143,Redefine Seamless Experiences Project,1,2025-02-21,2026-05-08,1880931,Planned
144,Expedite 24/365 Supply-Chains Project,2,2023-12-02,2026-04-07,1692895,Active
145,Brand Frictionless Metrics Project,3,2024-12-17,2025-05-15,498982,Completed
146,Optimize Real-Time Web Services Project,2,2024-08-05,2025-04-20,1046161,Completed
147,Matrix Web-Enabled Users Project,3,2024-04-11,2027-01-27,1328805,Completed
148,Optimize Clicks-And-Mortar Eyeballs Project,1,2023-02-13,2027-04-10,1151497,Completed
149,Revolutionize Proactive Web-Readiness Project,2,2022-09-10,2026-02-14,1804236,Active
150,Aggregate Global Roi Project,2,2026-04-13,2027-08-27,277897,Active
151,Aggregate Ubiquitous Info-Mediaries Project,1,2023-09-27,2024-07-26,1075715,Active
152,Envisioneer Front-End Interfaces Project,2,2024-12-15,2025-08-29,234078,Active
153,Synergize Bleeding-Edge Vortals Project,3,2026-05-13,2027-07-04,511243,Planned
154,Re-Contextualize Web-Enabled Convergence Project,1,2026-02-01,2026-07-05,1047639,Planned
155,Seize Intuitive Initiatives Project,1,2025-08-26,2026-07-07,1054646,Active
156,Expedite Proactive Schemas Project,1,2021-12-30,2027-07-01,239407,Active
157,Grow Viral Action-Items Project,3,2022-12-16,2024-04-02,1310386,Completed
158,Re-Contextualize 24/365 Users Project,1,2023-12-31,2027-07-12,1332417,Active
159,Revolutionize Transparent Functionalities Project,2,2025-02-18,2026-12-25,272866,Planned
160,Transition Bricks-And-Clicks Relationships Project,3,2022-01-20,2027-06-16,1833570,Active
161,Strategize Synergistic Initiatives Project,3,2022-02-28,2025-09-20,1648809,Planned
162,Engage Cross-Media E-Tailers Project,2,2023-07-20,2023-12-17,1106884,Active
163,Maximize World-Class Markets Project,3,2022-11-09,2023-03-19,444366,Planned
164,Deploy Next-Generation Deliverables Project,1,2024-04-21,2024-10-05,428496,Active
165,Drive Strategic Niches Project,2,2023-09-22,2027-09-04,853328,Completed
166,Reinvent Vertical Partnerships Project,2,2024-11-09,2027-06-05,227247,Active
167,Generate User-Centric E-Business Project,2,2025-08-04,2025-12-14,1082751,Planned
168,Integrate Vertical Experiences Project,1,2024-09-15,2025-10-05,688836,Planned
169,Productize Compelling Paradigms Project,1,2024-02-09,2026-12-20,496438,Completed
170,Enable Value-Added Networks Project,1,2023-12-06,2027-08-30,1736293,Planned
171,Embrace Transparent Functionalities Project,3,2025-03-19,2027-09-25,1565458,Active
172,Streamline Bleeding-Edge Bandwidth Project,3,2022-03-03,2026-11-20,194356,Active
173,Facilitate Web-Enabled Methodologies Project,1,2023-07-18,2025-05-20,405612,Active
174,Expedite B2C Roi Project,1,2024-08-08,2025-05-13,1798014,Planned
175,Disintermediate Ubiquitous Systems Project,2,2022-09-12,2023-05-09,128781,Planned
176,Empower Mission-Critical Deliverables Project,2,2026-06-29,2027-09-17,826665,Planned
177,Transform Holistic Platforms Project,3,2022-06-20,2027-04-22,534963,Planned
178,Morph Cross-Media Models Project,2,2025-03-14,2026-01-03,1157677,Planned
179,Implement Back-End E-Business Project,3,2025-10-21,2026-08-03,940617,Active
180,Matrix Enterprise Solutions Project,2,2022-08-05,2025-05-27,1458836,Active
181,Disintermediate Dynamic Portals Project,3,2024-07-20,2025-02-23,770777,Active
182,Envisioneer Ubiquitous Models Project,3,2026-09-19,2027-08-24,937225,Planned
183,Syndicate Intuitive Channels Project,1,2025-11-09,2027-06-30,1639228,Completed
184,Maximize Seamless Convergence Project,2,2025-10-01,2026-06-04,668992,Completed
185,Reinvent Web-Enabled Users Project,2,2024-12-27,2025-11-14,586226,Planned
186,Disintermediate Compelling Schemas Project,1,2022-02-26,2022-04-17,775948,Completed
187,Syndicate E-Business Web-Readiness Project,3,2023-07-24,2027-02-13,301492,Completed
188,Enhance Seamless Initiatives Project,1,2024-09-25,2024-12-15,1136880,Active
189,Envisioneer Mission-Critical Relationships Project,3,2025-03-07,2027-04-18,201836,Planned
190,Cultivate One-To-One Metrics Project,3,2025-10-08,2026-01-15,1364093,Active
191,Implement Efficient E-Tailers Project,1,2022-04-26,2026-04-01,929090,Active
192,Incentivize Integrated Communities Project,3,2024-03-24,2026-04-08,601638,Planned
193,Re-Contextualize Cutting-Edge Roi Project,2,2024-08-23,2025-03-28,599639,Planned
194,Utilize Intuitive Users Project,2,2024-02-29,2024-03-02,1436073,Active
195,Target Compelling Niches Project,2,2025-12-17,2026-12-30,1942466,Planned
196,Synthesize Viral Networks Project,3,2022-06-06,2023-10-23,53267,Active
197,Transition Interactive Metrics Project,1,2024-03-19,2025-08-25,874945,Planned
198,Visualize Strategic Applications Project,3,2026-02-27,2026-09-29,181484,Planned
199,Deploy Global Bandwidth Project,1,2023-12-07,2027-08-12,1318732,Planned
200,Maximize Holistic Portals Project,2,2025-04-11,2026-06-29,613044,Planned
201,Evolve End-To-End Infrastructures Project,3,2023-10-14,2025-12-24,1212928,Completed
202,Unleash Clicks-And-Mortar Models Project,2,2023-10-29,2024-04-02,120640,Completed
203,Enable Impactful Networks Project,3,2024-12-12,2025-01-03,450573,Planned
204,Engage Next-Generation Models Project,1,2026-02-03,2026-12-13,725510,Planned
205,Monetize Sticky Experiences Project,3,2022-02-16,2024-11-18,687144,Completed
206,Extend Bricks-And-Clicks Synergies Project,1,2022-05-31,2027-02-09,1284717,Planned
207,Benchmark Compelling E-Business Project,1,2021-11-30,2025-03-21,1637261,Planned
208,Expedite Collaborative Eyeballs Project,2,2025-06-28,2026-01-19,1217756,Completed
209,Seize Innovative Architectures Project,3,2022-12-28,2025-03-15,228352,Planned
210,Transition Efficient Users Project,1,2022-08-27,2025-04-22,1823832,Completed
211,Optimize Distributed Synergies Project,2,2023-10-04,2026-12-31,101934,Completed
212,E-Enable Intuitive Applications Project,2,2024-07-21,2027-06-09,55486,Planned
213,Syndicate Killer Communities Project,1,2026-03-18,2027-07-07,1089458,Planned
214,Utilize Best-Of-Breed Partnerships Project,3,2022-04-27,2026-08-01,1448228,Planned
215,Revolutionize Bricks-And-Clicks Channels Project,3,2022-12-28,2026-10-26,247775,Planned
216,Visualize Viral Infrastructures Project,3,2024-01-28,2026-06-24,1706940,Planned
217,Transition Distributed Eyeballs Project,2,2022-11-05,2025-02-13,595977,Completed
218,Engage Cross-Platform Deliverables Project,2,2022-07-31,2023-11-07,962606,Active
219,Facilitate Customized E-Tailers Project,1,2026-09-21,2027-02-20,991218,Completed
220,Whiteboard End-To-End Methodologies Project,1,2022-03-12,2025-05-09,1463354,Completed
221,Deploy Seamless Systems Project,2,2021-10-25,2025-07-26,1726014,Planned
222,Maximize Strategic Mindshare Project,2,2024-09-16,2025-10-16,263945,Planned
223,Drive B2B E-Tailers Project,1,2022-03-07,2023-08-08,487477,Completed
224,Visualize Turn-Key Partnerships Project,2,2021-11-14,2027-01-23,1276380,Active
225,Envisioneer E-Business Metrics Project,1,2025-09-01,2027-09-23,405249,Completed
226,Reinvent Extensible E-Commerce Project,2,2025-06-15,2026-05-20,567313,Planned
227,Engage Strategic Infrastructures Project,1,2023-12-14,2024-12-24,1617908,Active
228,Grow Next-Generation Web Services Project,3,2026-08-10,2027-02-12,1126871,Planned
229,Benchmark One-To-One Initiatives Project,1,2025-03-27,2026-04-22,1336643,Planned
230,Visualize Value-Added Initiatives Project,3,2023-08-19,2026-04-18,742440,Planned
231,Optimize Visionary Relationships Project,2,2026-03-10,2027-08-02,794699,Completed
232,Productize Real-Time Interfaces Project,3,2024-05-20,2025-08-06,1301772,Active
233,Reinvent Vertical Portals Project,3,2026-02-18,2027-06-04,1741738,Active
234,Mesh Global Platforms Project,2,2023-03-29,2025-07-02,799074,Completed
235,Grow Turn-Key Niches Project,2,2026-02-05,2026-11-28,1929490,Planned
236,Exploit Frictionless Interfaces Project,1,2022-09-16,2025-06-11,1840705,Active
237,Enable Best-Of-Breed Technologies Project,2,2024-04-12,2027-04-14,1128931,Planned
238,Mesh Best-Of-Breed Initiatives Project,3,2024-01-22,2025-06-19,1271992,Completed
239,Integrate Bricks-And-Clicks Technologies Project,1,2022-08-06,2022-08-16,1662162,Planned
240,Engage Bleeding-Edge Communities Project,2,2023-01-26,2026-12-06,1426760,Completed
241,Incubate Seamless Supply-Chains Project,1,2026-05-09,2026-06-21,1646824,Planned
242,Revolutionize Cross-Platform Info-Mediaries Project,2,2023-03-04,2026-11-11,1341380,Active
243,Syndicate Scalable Systems Project,2,2024-01-05,2026-05-11,1921403,Planned
244,Embrace Customized Deliverables Project,1,2024-02-14,2027-01-12,871052,Completed
245,Embrace Killer Deliverables Project,1,2021-12-24,2023-10-14,1905567,Active
246,Engineer Real-Time Info-Mediaries Project,1,2023-06-22,2024-12-15,1291290,Planned
247,Visualize Bricks-And-Clicks Metrics Project,3,2023-11-18,2023-12-04,473570,Planned
248,Brand Dot-Com Deliverables Project,2,2025-01-04,2025-07-18,908158,Planned
249,Deploy Extensible Web-Readiness Project,1,2023-07-05,2026-06-17,1923421,Completed
250,Unleash Cross-Media Markets Project,3,2026-09-02,2027-06-08,1020240,Planned
251,Generate Viral Users Project,2,2025-03-07,2027-07-01,1467077,Completed
252,Transition 24/365 Paradigms Project,3,2026-02-21,2026-04-14,205576,Completed
253,Re-Intermediate Cross-Platform E-Tailers Project,2,2024-02-10,2027-09-27,978479,Active
254,Brand Compelling Channels Project,1,2025-12-22,2026-05-27,210775,Active
255,Deploy Enterprise Paradigms Project,2,2026-02-26,2027-02-09,414167,Active
256,Strategize Bricks-And-Clicks Markets Project,2,2025-02-19,2025-05-08,1394027,Planned
257,Facilitate User-Centric E-Commerce Project,1,2024-11-18,2025-09-14,841267,Completed
258,Cultivate Viral E-Tailers Project,2,2021-10-19,2025-12-22,433934,Planned
259,Synergize Open-Source Interfaces Project,1,2022-11-15,2026-12-09,1963760,Planned
260,Strategize Visionary Channels Project,1,2026-07-20,2027-06-19,740907,Planned
261,Extend Collaborative Vortals Project,1,2022-12-26,2026-05-05,1263997,Completed
262,Re-Intermediate Seamless Roi Project,1,2024-08-08,2026-01-21,488661,Active
263,Facilitate Magnetic Functionalities Project,3,2024-10-08,2027-04-23,623695,Planned
264,Transition Back-End Deliverables Project,3,2021-12-26,2022-03-25,1043176,Active
265,Engineer Plug-And-Play E-Services Project,2,2024-01-28,2025-02-18,528007,Active
266,Re-Contextualize Scalable Bandwidth Project,2,2024-09-25,2024-11-01,1417290,Planned
267,Exploit Impactful Bandwidth Project,1,2026-09-27,2026-11-15,575303,Planned
268,Extend Back-End Schemas Project,2,2022-01-04,2025-11-05,77712,Active
269,Synthesize Vertical Experiences Project,3,2026-02-22,2027-04-08,162816,Completed
270,Incentivize Out-Of-The-Box Models Project,1,2023-03-19,2027-02-07,335977,Completed
271,Matrix Ubiquitous Communities Project,1,2023-10-14,2027-04-21,856741,Completed
272,Repurpose Front-End Relationships Project,3,2024-09-22,2027-08-23,1054208,Planned
273,Engage User-Centric Partnerships Project,1,2021-11-04,2026-10-15,1903025,Planned
274,Implement Viral E-Commerce Project,3,2025-11-13,2026-09-07,320846,Planned
275,Enable Scalable Bandwidth Project,1,2023-07-19,2025-03-02,1008447,Completed
276,Expedite Interactive Infrastructures Project,2,2024-05-15,2025-11-19,1373483,Planned
277,Utilize Mission-Critical Eyeballs Project,1,2023-04-01,2023-11-06,934574,Planned
278,E-Enable Robust Info-Mediaries Project,2,2021-10-25,2022-07-29,392786,Planned
279,Incubate Sticky Initiatives Project,3,2024-01-16,2026-11-02,1908532,Planned
280,Transform Collaborative Content Project,1,2025-10-30,2026-12-23,1103385,Active
281,Transition E-Business E-Commerce Project,3,2023-01-25,2025-06-26,1243104,Planned
282,Exploit Dot-Com Interfaces Project,2,2022-11-04,2024-03-21,1137341,Planned
283,Implement Back-End Interfaces Project,3,2023-12-22,2026-02-20,1414652,Planned
284,Scale Virtual Web Services Project,2,2026-09-23,2027-02-06,1299728,Planned
285,Morph 24/365 Systems Project,2,2026-06-23,2027-08-02,1134763,Completed
286,Extend Dot-Com Communities Project,3,2024-12-31,2025-01-25,850921,Active
287,Generate Synergistic Interfaces Project,2,2025-07-01,2025-07-08,636165,Active
288,Incentivize Impactful Relationships Project,3,2025-10-13,2025-12-22,668362,Active
289,Grow Robust Info-Mediaries Project,1,2026-02-09,2026-02-26,690053,Planned
290,Seize Granular Eyeballs Project,2,2025-05-25,2027-03-26,860717,Completed
291,Harness Plug-And-Play Models Project,1,2026-07-14,2027-03-28,531680,Completed
292,Maximize Impactful Platforms Project,3,2022-04-29,2023-02-06,589542,Completed
293,Streamline 24/365 Metrics Project,1,2026-07-12,2026-09-13,876196,Active
294,Engineer Interactive Niches Project,2,2021-12-01,2025-02-10,1584026,Completed
295,Aggregate B2C Infrastructures Project,3,2023-01-23,2024-10-12,655605,Active
296,Exploit 24/7 Relationships Project,2,2026-03-31,2026-07-25,813185,Active
297,Integrate Next-Generation Experiences Project,2,2022-02-18,2026-04-12,712301,Completed
298,Harness Dot-Com Applications Project,3,2022-12-15,2023-04-27,830722,Completed
299,Scale Virtual E-Services Project,2,2025-02-14,2025-07-23,526467,Planned
300,Cultivate Sticky Solutions Project,2,2024-03-13,2025-10-02,1024304,Completed
301,Utilize Cutting-Edge Info-Mediaries Project,2,2024-03-27,2025-02-11,120390,Active
302,Engineer Real-Time Web-Readiness Project,3,2026-08-22,2027-03-21,1665952,Planned
303,Re-Intermediate Best-Of-Breed Solutions Project,1,2024-08-05,2025-07-31,483027,Active
304,Mesh Intuitive Functionalities Project,1,2023-06-21,2027-07-07,1841305,Planned
305,Envisioneer Out-Of-The-Box Content Project,1,2025-05-20,2026-01-07,273777,Active
306,Syndicate Global Technologies Project,1,2026-08-25,2026-10-21,1104145,Planned
307,Facilitate Enterprise Models Project,2,2026-02-21,2027-03-13,479802,Completed
308,Orchestrate Synergistic Deliverables Project,3,2024-05-02,2027-07-11,821954,Completed
309,Brand Dynamic Applications Project,1,2022-04-29,2024-04-08,729574,Completed
310,Utilize End-To-End Systems Project,3,2023-10-22,2026-09-21,1760026,Active
311,Architect Distributed Supply-Chains Project,1,2024-12-13,2025-04-01,1355794,Completed
312,Deliver Out-Of-The-Box Schemas Project,3,2023-08-26,2024-08-23,381868,Active
313,Embrace E-Business Users Project,1,2026-08-21,2027-05-21,1744329,Completed
314,Synthesize Rich Communities Project,3,2021-10-03,2026-08-22,107108,Planned
315,Incubate Wireless E-Business Project,2,2023-10-04,2027-02-25,1209771,Active
316,Monetize Best-Of-Breed Roi Project,1,2023-02-23,2024-12-04,335205,Planned
317,Orchestrate Revolutionary Methodologies Project,2,2025-05-01,2026-08-08,180560,Planned
318,Innovate Intuitive Web Services Project,1,2024-02-04,2025-06-23,197979,Active
319,Drive Compelling E-Markets Project,2,2026-06-06,2027-06-17,101745,Planned
320,Redefine Web-Enabled Web-Readiness Project,2,2025-12-23,2026-12-18,141865,Planned
321,Incubate Wireless Bandwidth Project,3,2022-12-15,2025-06-19,1122200,Active
322,Transform 24/365 Functionalities Project,1,2022-01-16,2025-03-28,859006,Planned
323,Strategize Front-End Infrastructures Project,2,2026-05-24,2026-11-15,977982,Active
324,Revolutionize Frictionless Relationships Project,3,2021-11-11,2027-01-20,1479551,Planned
325,Empower Revolutionary Deliverables Project,1,2026-03-18,2026-04-27,145257,Planned
326,Re-Intermediate Rich Communities Project,1,2024-05-05,2025-12-09,522930,Planned
327,Strategize Ubiquitous Supply-Chains Project,3,2025-04-10,2025-04-29,1574350,Active
328,E-Enable Ubiquitous Applications Project,2,2023-06-05,2025-03-21,439593,Completed
329,Repurpose Killer E-Tailers Project,2,2026-01-11,2026-07-23,618535,Active
330,Enable Holistic Users Project,1,2026-05-03,2027-04-26,1465833,Active
331,Engineer Proactive E-Commerce Project,3,2023-06-06,2026-10-05,1357506,Completed
332,Brand Extensible Portals Project,3,2025-06-30,2026-08-31,854462,Completed
333,Engage User-Centric Markets Project,2,2025-04-22,2026-01-25,498874,Completed
334,Re-Contextualize Robust Users Project,1,2023-01-03,2024-01-23,168033,Active
335,Grow Interactive Applications Project,2,2026-07-21,2026-11-09,1728050,Completed
336,Utilize Bleeding-Edge Architectures Project,3,2025-11-09,2027-03-24,1669135,Planned
337,Strategize Real-Time Partnerships Project,3,2022-01-26,2022-11-12,1471796,Active
338,Extend Seamless Functionalities Project,3,2023-03-11,2027-02-21,1346312,Planned
339,Transition Mission-Critical E-Business Project,3,2025-09-27,2025-12-09,1498021,Active
340,Productize Wireless Schemas Project,2,2023-08-16,2026-12-14,622203,Planned
341,Seize Global E-Business Project,1,2022-09-25,2026-11-12,708956,Planned
342,Mesh Leading-Edge E-Services Project,2,2022-02-24,2022-10-18,517010,Planned
343,Grow Viral Bandwidth Project,1,2026-01-11,2026-02-02,436193,Completed
344,Drive Next-Generation Bandwidth Project,3,2022-08-09,2025-09-17,76069,Active
345,Engage Clicks-And-Mortar Portals Project,3,2022-04-02,2022-06-10,1434199,Planned
346,Exploit Global Metrics Project,3,2021-10-17,2023-02-19,1573241,Planned
347,Implement Cross-Platform Markets Project,1,2023-03-14,2024-02-25,1292629,Active
348,Expedite Scalable Users Project,2,2026-04-26,2026-12-29,962826,Completed
349,Iterate Integrated Functionalities Project,1,2026-01-16,2026-10-03,1211157,Planned
350,Transition Visionary Relationships Project,1,2025-09-05,2026-05-06,1812592,Planned
351,Re-Intermediate Robust Action-Items Project,2,2024-05-25,2025-10-02,1059940,Active
352,Engineer Cross-Platform Portals Project,2,2022-04-02,2025-10-21,1562950,Active
353,Incubate One-To-One Metrics Project,3,2022-04-25,2025-05-04,1884813,Active
354,Whiteboard Distributed Paradigms Project,3,2024-03-13,2025-04-11,1257094,Planned
355,Re-Contextualize B2B Paradigms Project,3,2023-04-05,2025-12-21,1621714,Completed
356,Empower Global Communities Project,3,2024-09-10,2025-02-27,1083255,Planned
357,Empower Holistic Convergence Project,3,2023-03-10,2027-04-09,590677,Active
358,Reinvent Value-Added Supply-Chains Project,3,2026-09-14,2026-10-23,1221459,Completed
359,Redefine End-To-End Action-Items Project,2,2025-05-14,2027-03-11,437952,Active
360,Harness Distributed Web-Readiness Project,2,2024-01-15,2027-03-14,849666,Active
361,Streamline Real-Time Interfaces Project,1,2026-04-08,2026-06-19,889873,Completed
362,Synthesize Web-Enabled Relationships Project,3,2022-08-05,2022-12-20,1439959,Active
363,Repurpose Compelling Schemas Project,3,2024-08-01,2026-03-11,924668,Planned
364,Productize Mission-Critical Models Project,2,2025-08-12,2027-04-11,997609,Active
365,Unleash Holistic Web Services Project,3,2024-11-24,2025-10-21,1287715,Planned
366,Incubate Magnetic Convergence Project,1,2023-05-29,2026-08-14,285659,Completed
367,Transform Integrated Bandwidth Project,1,2025-08-18,2027-05-09,1203113,Active
368,Syndicate Web-Enabled Infrastructures Project,2,2025-07-01,2026-04-02,838260,Active
369,Generate Real-Time Action-Items Project,3,2024-01-31,2025-05-03,1655118,Planned
370,Matrix Viral E-Tailers Project,3,2021-12-30,2024-08-19,621650,Planned
371,Strategize 24/365 Interfaces Project,2,2023-12-28,2025-09-23,816641,Active
372,Innovate Dynamic Roi Project,1,2024-06-07,2024-09-28,1710822,Active
373,Repurpose 24/7 Solutions Project,2,2025-02-07,2027-03-13,428892,Active
374,Synthesize Intuitive Initiatives Project,1,2025-09-18,2027-02-20,706702,Planned
375,Optimize Vertical Bandwidth Project,1,2022-09-05,2027-02-10,1870618,Completed
376,Iterate Integrated Convergence Project,2,2024-04-08,2026-04-11,994118,Completed
377,Deliver E-Business Methodologies Project,2,2023-01-11,2026-06-04,1140654,Planned
378,Evolve Front-End Supply-Chains Project,1,2022-02-24,2023-01-12,277645,Active
379,Enhance Turn-Key Synergies Project,2,2026-08-23,2026-09-15,1428164,Completed
380,Drive Integrated Portals Project,1,2024-11-10,2026-10-31,1819377,Completed
381,Transform Real-Time Niches Project,3,2022-02-11,2023-05-05,822608,Active
382,Embrace Front-End Content Project,1,2025-09-10,2026-06-27,582295,Completed
383,Implement B2B Deliverables Project,1,2024-02-10,2026-07-29,108596,Active
384,E-Enable Global Web Services Project,2,2026-03-19,2026-11-14,1878130,Planned
385,Mesh One-To-One Mindshare Project,1,2026-08-11,2026-11-23,572244,Completed
386,Disintermediate Mission-Critical Models Project,3,2023-01-11,2025-03-06,549097,Active
387,Monetize Transparent Supply-Chains Project,1,2021-12-30,2024-08-06,1112636,Active
388,Redefine Customized Experiences Project,1,2023-09-15,2025-04-26,1617121,Completed
389,Syndicate Cross-Media Users Project,2,2024-05-24,2027-06-11,1138287,Completed
390,Embrace Cross-Platform Infrastructures Project,1,2023-01-26,2026-08-13,515317,Planned
391,Scale Open-Source Experiences Project,3,2025-11-27,2027-05-27,1201550,Completed
392,Integrate Enterprise Portals Project,1,2022-10-10,2027-06-04,1248744,Planned
393,Generate E-Business Paradigms Project,1,2024-08-30,2027-06-01,1634110,Completed
394,Streamline Interactive Infrastructures Project,2,2022-08-30,2024-01-13,461597,Planned
395,Orchestrate Front-End Convergence Project,3,2025-09-03,2026-09-28,1634166,Completed
396,Synergize Innovative Solutions Project,2,2025-07-24,2026-06-23,1677781,Completed
397,Iterate Strategic Interfaces Project,3,2021-11-13,2025-02-23,395266,Active
398,Re-Intermediate Magnetic Supply-Chains Project,3,2025-06-18,2026-02-16,956862,Planned
399,Leverage World-Class Synergies Project,1,2024-12-20,2026-12-16,1157955,Active
400,Transition Next-Generation Roi Project,3,2026-05-06,2026-08-24,1754858,Planned
401,Seize Compelling Action-Items Project,2,2025-11-07,2026-08-27,1982728,Planned
402,Monetize E-Business Deliverables Project,1,2025-11-08,2026-01-10,1949492,Completed
403,Scale Granular Functionalities Project,3,2024-06-14,2027-01-16,314480,Active
404,Expedite Magnetic Web-Readiness Project,2,2024-11-13,2025-12-13,895633,Active
405,Disintermediate Integrated Channels Project,1,2025-11-10,2027-08-09,1341898,Active
406,Utilize Dot-Com Web-Readiness Project,1,2025-04-11,2025-12-30,1669061,Active
407,Transform Clicks-And-Mortar Niches Project,1,2022-03-04,2025-11-06,1253358,Completed
408,Cultivate One-To-One Synergies Project,1,2026-04-20,2027-08-01,252967,Completed
409,Scale Cross-Media E-Markets Project,1,2025-05-12,2026-10-20,1380823,Planned
410,Streamline End-To-End Communities Project,1,2022-05-25,2026-12-21,1112958,Planned
411,Seize User-Centric Infrastructures Project,2,2024-12-02,2027-02-11,197550,Completed
412,Engineer Dot-Com Schemas Project,3,2023-06-07,2025-08-20,387827,Active
413,Leverage Virtual Relationships Project,3,2023-10-13,2024-05-17,1753194,Planned
414,Innovate Viral Paradigms Project,3,2022-03-08,2023-08-21,438349,Active
415,Syndicate Leading-Edge Partnerships Project,2,2024-06-19,2025-06-11,1339349,Completed
416,Drive World-Class Applications Project,3,2022-06-07,2025-06-10,1475753,Active
417,Implement Sticky E-Business Project,3,2025-10-08,2027-03-03,183515,Active
418,Enable 24/365 Web Services Project,1,2023-06-10,2023-07-13,1958327,Active
419,Evolve Back-End Supply-Chains Project,2,2022-01-12,2022-01-20,591656,Planned
420,Unleash Viral Vortals Project,3,2023-03-23,2025-11-15,141751,Completed
421,Redefine Dot-Com Architectures Project,1,2022-03-11,2024-07-08,634567,Planned
422,Transition Leading-Edge Applications Project,3,2024-09-25,2026-01-22,888761,Planned
423,Harness Efficient Functionalities Project,3,2026-01-11,2026-05-11,1208521,Planned
424,Grow E-Business Schemas Project,2,2022-08-07,2025-09-28,791426,Planned
425,Embrace Intuitive Metrics Project,2,2024-10-21,2027-07-09,1273975,Planned
426,Incubate Enterprise Models Project,2,2024-12-24,2025-05-28,228954,Completed
427,Harness Next-Generation Users Project,1,2024-12-28,2025-12-02,1961597,Planned
428,Seize Impactful Initiatives Project,1,2023-10-16,2025-01-04,182717,Active
429,Transform Wireless Niches Project,3,2023-03-07,2025-03-07,1904264,Planned
430,Expedite Seamless Relationships Project,3,2025-11-13,2027-07-22,1807109,Completed
431,Incentivize Best-Of-Breed Experiences Project,3,2025-05-17,2027-04-30,380388,Completed
432,Implement Viral Partnerships Project,1,2025-10-26,2026-10-04,518276,Planned
433,Envisioneer Open-Source Vortals Project,2,2022-06-15,2024-12-04,561411,Planned
434,Exploit Scalable E-Commerce Project,1,2026-02-21,2026-07-02,934377,Planned
435,Iterate Web-Enabled E-Services Project,3,2026-04-12,2027-09-10,992654,Planned
436,Unleash Holistic E-Services Project,2,2026-04-30,2026-11-10,1862554,Active
437,Engage Enterprise Bandwidth Project,2,2021-10-04,2026-06-14,1630934,Active
438,Disintermediate User-Centric Markets Project,3,2022-04-25,2022-07-25,894193,Completed
439,Deliver Sticky Deliverables Project,1,2026-08-27,2027-07-10,712143,Completed
440,Re-Intermediate Plug-And-Play Architectures Project,3,2021-11-12,2025-05-17,1300155,Completed
441,Empower Scalable Interfaces Project,3,2024-10-14,2025-06-30,821253,Planned
442,Streamline Distributed Paradigms Project,3,2026-03-28,2027-07-13,856388,Planned
443,Extend Robust Systems Project,1,2022-08-10,2024-05-10,1004652,Completed
444,Implement Ubiquitous Infrastructures Project,3,2022-06-13,2023-04-22,1889765,Active
445,Re-Intermediate Proactive Supply-Chains Project,2,2022-09-19,2024-09-11,1988900,Planned
446,Integrate Interactive Action-Items Project,3,2025-03-19,2027-02-15,1955488,Planned
447,Reinvent Leading-Edge Models Project,1,2023-03-24,2025-01-16,807907,Active
448,Monetize Real-Time Web-Readiness Project,2,2024-04-21,2025-06-05,1719595,Completed
449,Generate Frictionless E-Business Project,1,2023-12-21,2024-02-20,1685687,Planned
450,Utilize B2C Action-Items Project,3,2025-12-17,2026-12-19,780880,Planned
451,Engineer Out-Of-The-Box Mindshare Project,2,2026-04-27,2027-02-28,1977382,Completed
452,Incubate Integrated Eyeballs Project,3,2025-10-23,2026-11-17,501282,Active
453,Re-Contextualize Scalable Solutions Project,2,2025-01-03,2025-02-08,1158252,Planned
454,Utilize Compelling Platforms Project,1,2023-01-13,2026-01-27,1272108,Active
455,Incubate Synergistic Interfaces Project,3,2022-09-01,2024-05-07,1248097,Planned
456,Grow Best-Of-Breed Web-Readiness Project,2,2025-10-13,2026-01-20,874690,Completed
457,Seize Plug-And-Play Systems Project,2,2024-08-05,2025-08-07,1236293,Planned
458,Facilitate Virtual Niches Project,2,2024-07-06,2026-11-04,1896493,Active
459,Repurpose Web-Enabled Systems Project,3,2025-06-22,2026-04-30,1950163,Planned
460,Matrix Customized Architectures Project,1,2026-05-31,2027-04-04,1373062,Completed
461,Deploy Enterprise Metrics Project,3,2022-12-28,2025-11-26,1177199,Active
462,Extend Magnetic Technologies Project,2,2022-01-05,2022-01-11,1960637,Active
463,Facilitate E-Business Systems Project,1,2026-09-14,2026-11-25,1835910,Active
464,Embrace Integrated Eyeballs Project,3,2022-03-07,2026-01-28,1048748,Planned
465,Repurpose Efficient Vortals Project,1,2025-04-14,2026-06-14,1306182,Completed
466,Enable Granular E-Tailers Project,3,2023-09-10,2024-03-09,126218,Completed
467,Enable Virtual Action-Items Project,1,2022-06-26,2025-03-05,1434775,Active
468,Morph Impactful Partnerships Project,1,2022-02-12,2023-06-17,528446,Planned
469,Unleash Plug-And-Play Systems Project,3,2023-05-13,2024-08-10,1138562,Planned
470,Visualize Revolutionary E-Markets Project,3,2023-05-27,2025-11-19,522327,Active
471,Disintermediate E-Business Infrastructures Project,3,2025-12-02,2026-09-30,84911,Active
472,Morph Granular Eyeballs Project,2,2023-12-20,2027-08-01,658746,Planned
473,Disintermediate Mission-Critical Architectures Project,2,2026-05-28,2027-06-06,1744164,Active
474,Extend Ubiquitous Relationships Project,3,2023-08-22,2027-07-10,1164934,Active
475,Productize Innovative Methodologies Project,3,2022-02-06,2025-05-19,1889433,Completed
476,Transition B2C Schemas Project,1,2022-04-11,2022-07-02,1625062,Planned
477,Expedite Virtual Mindshare Project,3,2022-08-24,2023-02-28,987583,Planned
478,Re-Contextualize Front-End Niches Project,3,2023-07-11,2026-05-09,194931,Planned
479,Visualize Sticky E-Tailers Project,2,2025-08-09,2025-09-02,451921,Planned
480,E-Enable Vertical Bandwidth Project,3,2023-10-20,2024-12-24,1121812,Completed
481,Embrace Transparent Systems Project,2,2023-10-03,2024-11-25,1769294,Active
482,Benchmark Distributed Interfaces Project,3,2025-04-21,2025-07-03,1987878,Completed
483,Architect Intuitive Content Project,1,2024-08-23,2026-02-25,1046261,Active
484,Cultivate Virtual Platforms Project,1,2026-02-28,2027-05-29,442417,Planned
485,Exploit Innovative Bandwidth Project,3,2026-08-15,2027-02-25,956739,Active
486,Cultivate 24/365 E-Business Project,2,2022-03-14,2023-07-23,1355289,Active
487,Architect End-To-End Metrics Project,3,2025-07-26,2026-10-08,140093,Completed
488,Optimize Next-Generation Communities Project,1,2022-12-25,2026-07-04,1782465,Completed
489,Innovate Leading-Edge Infrastructures Project,1,2025-10-28,2026-12-28,576861,Planned
490,Cultivate Open-Source Systems Project,2,2023-09-18,2024-05-23,812092,Planned
491,Brand One-To-One Markets Project,3,2021-11-25,2022-07-11,1122328,Active
492,Evolve Dynamic Niches Project,2,2025-01-12,2026-06-29,1412413,Active
493,Integrate Real-Time Users Project,2,2024-01-13,2025-03-10,830316,Planned
494,Syndicate User-Centric Metrics Project,2,2022-09-25,2025-07-15,1487398,Planned
495,Disintermediate Plug-And-Play Paradigms Project,3,2026-09-26,2027-09-03,1416853,Active
496,Transition B2C Technologies Project,1,2024-02-29,2026-05-01,535417,Planned
497,Incentivize Cross-Platform Content Project,2,2023-10-29,2026-11-11,1256305,Planned
498,Innovate Web-Enabled Mindshare Project,1,2021-12-09,2024-04-04,278504,Active
499,Streamline Interactive Solutions Project,2,2026-07-19,2026-10-16,1624486,Planned
500,Grow Value-Added Functionalities Project,2,2023-08-06,2027-01-15,1639589,Planned
